<?xml version="1.0" encoding="utf-8" ?>
<dwsync>
<file name="software-installation-and-upgrades.asp" server="F:/Documents/Documents/TIF Working/techitfast/" local="129983794648803816" remote="129983794640000000" />
<file name="computers-pc-or-mac-desktop-or-laptop.asp" server="F:/Documents/Documents/TIF Working/techitfast/" local="129983796949321547" remote="129983796940000000" />
<file name="computers-pc-or-mac-desktop-or-laptop.asp" server="D:/3d/TechITFast/TechITFast_com/" local="130062471552439854" remote="130062471550000000" />
<file name="data-recovery.asp" server="D:/3d/TechITFast/TechITFast_com/" local="130062471782533015" remote="130062471780000000" />
<file name="new-or-moving-offices.asp" server="D:/3d/TechITFast/TechITFast_com/" local="130062472048768242" remote="130062472040000000" />
<file name="off-site-data-backup.asp" server="D:/3d/TechITFast/TechITFast_com/" local="130062472275431207" remote="130062472270000000" />
<file name="remote-access.asp" server="D:/3d/TechITFast/TechITFast_com/" local="130062472538786270" remote="130062472530000000" />
<file name="software-installation-and-upgrades.asp" server="D:/3d/TechITFast/TechITFast_com/" local="130062472817732225" remote="130062472810000000" />
<file name="virus-removal.asp" server="D:/3d/TechITFast/TechITFast_com/" local="130062473077727096" remote="130062473070000000" />
</dwsync>