<?xml version="1.0" encoding="utf-8" ?>
<dwsync>
<file name="text_bg.jpg" server="C:/Users/C/Documents/TIF Working/techitfast/" local="129942905125483315" remote="129942905120000000" />
<file name="text_top.jpg" server="C:/Users/C/Documents/TIF Working/techitfast/" local="129942905122383311" remote="129942905120000000" />
<file name="text_bottom.jpg" server="C:/Users/C/Documents/TIF Working/techitfast/" local="129942905123283312" remote="129942905120000000" />
<file name="spacer_left.png" server="C:/Users/C/Documents/TIF Working/techitfast/" local="129942905128683320" remote="129942905120000000" />
<file name="spacer.png" server="C:/Users/C/Documents/TIF Working/techitfast/" local="129942905129583321" remote="129942905120000000" />
<file name="spacer_right.png" server="C:/Users/C/Documents/TIF Working/techitfast/" local="129942905126433317" remote="129942905120000000" />
<file name="read_more.png" server="C:/Users/C/Documents/TIF Working/techitfast/" local="129942905165283370" remote="129942905160000000" />
<file name="header.jpg" server="C:/Users/C/Documents/TIF Working/techitfast/" local="129942905270093515" remote="129942905270000000" />
<file name="image_bar.jpg" server="C:/Users/C/Documents/TIF Working/techitfast/" local="129942905266293510" remote="129942905260000000" />
<file name="body.jpg" server="C:/Users/C/Documents/TIF Working/techitfast/" local="129942905276343524" remote="129942905270000000" />
<file name="footer.jpg" server="C:/Users/C/Documents/TIF Working/techitfast/" local="129942905270893517" remote="129942905270000000" />
<file name="alt_partnerships.jpg" server="C:/Users/C/Documents/TIF Working/techitfast/" local="129942905285843537" remote="129942905280000000" />
<file name="alt_partnerships_up.jpg" server="C:/Users/C/Documents/TIF Working/techitfast/" local="129942905282743533" remote="129942905280000000" />
<file name="alt_partnerships_down.jpg" server="C:/Users/C/Documents/TIF Working/techitfast/" local="129942905283993535" remote="129942905280000000" />
<file name="arrows-ffffff.png" server="C:/Users/C/Documents/TIF Working/techitfast/" local="129942905279693529" remote="129942905270000000" />
<file name="shadow.png" server="C:/Users/C/Documents/TIF Working/techitfast/" local="129942905131933324" remote="129942905130000000" />
<file name="logo_medium.png" server="C:/Users/C/Documents/TIF Working/techitfast/" local="129942905254743494" remote="129942905250000000" />
<file name="number.png" server="C:/Users/C/Documents/TIF Working/techitfast/" local="129942905234343466" remote="129942905230000000" />
<file name="bbb_logo.png" server="C:/Users/C/Documents/TIF Working/techitfast/" local="129942905277693526" remote="129942905270000000" />
<file name="scroller_managed_services.jpg" server="C:/Users/C/Documents/TIF Working/techitfast/" local="129942905147033345" remote="129942905140000000" />
<file name="scroller_hosted_network_solutions.jpg" server="C:/Users/C/Documents/TIF Working/techitfast/" local="129942905161133365" remote="129942905160000000" />
<file name="scroller_hosting.jpg" server="C:/Users/C/Documents/TIF Working/techitfast/" local="129942905150583350" remote="129942905150000000" />
<file name="scroller_total_care.jpg" server="C:/Users/C/Documents/TIF Working/techitfast/" local="129942905141983338" remote="129942905140000000" />
<file name="scroller_voip.jpg" server="C:/Users/C/Documents/TIF Working/techitfast/" local="129942905137183331" remote="129942905130000000" />
<file name="scroller_virtualization.jpg" server="C:/Users/C/Documents/TIF Working/techitfast/" local="129942905144283341" remote="129942905140000000" />
<file name="promo_01.jpg" server="C:/Users/C/Documents/TIF Working/techitfast/" local="129942905230093460" remote="129942905230000000" />
<file name="alt_testimonials.jpg" server="C:/Users/C/Documents/TIF Working/techitfast/" local="129942905280843530" remote="129942905280000000" />
<file name="logo_white.png" server="C:/Users/C/Documents/TIF Working/techitfast/" local="129942905237893471" remote="129942905230000000" />
<file name="wire-split.jpg" server="D:/3d/TechITFast/TechITFast_com/" local="130029304046980039" remote="130029304040000000" />
<file name="blog_sml.png" server="D:/3d/TechITFast/TechITFast_com/" local="130029304091492585" remote="130029304090000000" />
<file name="Software_DL_sml.png" server="D:/3d/TechITFast/TechITFast_com/" local="130029304052380348" remote="130029304050000000" />
<file name="test.jpg" server="D:/3d/TechITFast/TechITFast_com/" local="130050088843574234" remote="130050088840000000" />
<file name="text_bottom_skyline.png" server="D:/3d/TechITFast/TechITFast_com/" local="130051771658295730" remote="130051771650000000" />
<file name="ITmon_logo.png" server="D:/3d/TechITFast/TechITFast_com/" local="130074939392625511" remote="130074939390000000" />
</dwsync>