<?xml version="1.0" encoding="utf-8" ?>
<dwsync>
<file name="system-guard.asp" server="F:/Documents/Documents/TIF Working/techitfast/" local="129983763930704945" remote="129983763930000000" />
<file name="system-guard.asp" server="D:/3d/TechITFast/TechITFast_com/" local="130062456724961771" remote="130062456720000000" />
<file name="performance-monitoring.asp" server="D:/3d/TechITFast/TechITFast_com/" local="130062457173867447" remote="130062457170000000" />
<file name="patch-management.asp" server="D:/3d/TechITFast/TechITFast_com/" local="130062457699877533" remote="130062457690000000" />
<file name="event-logging.asp" server="D:/3d/TechITFast/TechITFast_com/" local="130062458211506796" remote="130062458210000000" />
<file name="device-monitoring.asp" server="D:/3d/TechITFast/TechITFast_com/" local="130062458653372070" remote="130062458650000000" />
<file name="backups.asp" server="D:/3d/TechITFast/TechITFast_com/" local="130062459132489474" remote="130062459130000000" />
<file name="asset-management.asp" server="D:/3d/TechITFast/TechITFast_com/" local="130062459598726141" remote="130062459590000000" />
<file name="anti-virus-malware-spyware.asp" server="D:/3d/TechITFast/TechITFast_com/" local="130062460305336557" remote="130062460300000000" />
</dwsync>