<?xml version="1.0" encoding="utf-8" ?>
<dwsync>
<file name="comp_lt.png" server="C:/Users/C/Documents/TIF Working/techitfast/" local="129942905330493599" remote="129942905330000000" />
<file name="comp_ts.png" server="C:/Users/C/Documents/TIF Working/techitfast/" local="129942905324293590" remote="129942905320000000" />
<file name="comp_rt.png" server="C:/Users/C/Documents/TIF Working/techitfast/" local="129942905325093591" remote="129942905320000000" />
<file name="comp_ls.png" server="C:/Users/C/Documents/TIF Working/techitfast/" local="129942905331143600" remote="129942905330000000" />
<file name="comp_rs.png" server="C:/Users/C/Documents/TIF Working/techitfast/" local="129942905327443595" remote="129942905320000000" />
<file name="comp_lb.png" server="C:/Users/C/Documents/TIF Working/techitfast/" local="129942905345753620" remote="129942905340000000" />
<file name="comp_bs.png" server="C:/Users/C/Documents/TIF Working/techitfast/" local="129942905334193604" remote="129942905330000000" />
<file name="comp_rb.png" server="C:/Users/C/Documents/TIF Working/techitfast/" local="129942905328143596" remote="129942905320000000" />
<file name="spacer_h_l.png" server="D:/3d/TechITFast/TechITFast_com/" local="130051622875703120" remote="130051622870000000" />
<file name="spacer_h_c.png" server="D:/3d/TechITFast/TechITFast_com/" local="130051622588828128" remote="130051622580000000" />
<file name="spacer_h_r.png" server="D:/3d/TechITFast/TechITFast_com/" local="130051623226484384" remote="130051623220000000" />
</dwsync>