<?xml version="1.0" encoding="utf-8" ?>
<dwsync>
<file name="Architectural.png" server="D:/3d/TechITFast/TechITFast_com/" local="130029304143715572" remote="130029304140000000" />
<file name="Construction.png" server="D:/3d/TechITFast/TechITFast_com/" local="130029304142635510" remote="130029304140000000" />
<file name="Financial_Services.png" server="D:/3d/TechITFast/TechITFast_com/" local="130029304141835464" remote="130029304140000000" />
<file name="Health_Care.png" server="D:/3d/TechITFast/TechITFast_com/" local="130029304140985416" remote="130029304140000000" />
<file name="Insurance.png" server="D:/3d/TechITFast/TechITFast_com/" local="130029304140245373" remote="130029304140000000" />
<file name="Manufacturing.png" server="D:/3d/TechITFast/TechITFast_com/" local="130029304139305320" remote="130029304130000000" />
<file name="Medical_Research.png" server="D:/3d/TechITFast/TechITFast_com/" local="130029304138615280" remote="130029304130000000" />
<file name="Metal_Works.png" server="D:/3d/TechITFast/TechITFast_com/" local="130029304137795233" remote="130029304130000000" />
<file name="Real_Estate.png" server="D:/3d/TechITFast/TechITFast_com/" local="130029304136185141" remote="130029304130000000" />
<file name="Research_Services.png" server="D:/3d/TechITFast/TechITFast_com/" local="130029304136525161" remote="130029304130000000" />
<file name="Automotive.png" server="D:/3d/TechITFast/TechITFast_com/" local="130029304143465558" remote="130029304140000000" />
<file name="Education.png" server="D:/3d/TechITFast/TechITFast_com/" local="130029304142455500" remote="130029304140000000" />
<file name="Food_Services.png" server="D:/3d/TechITFast/TechITFast_com/" local="130029304141175427" remote="130029304140000000" />
<file name="Hospitality.png" server="D:/3d/TechITFast/TechITFast_com/" local="130029304140495388" remote="130029304140000000" />
<file name="Legal.png" server="D:/3d/TechITFast/TechITFast_com/" local="130029304139665340" remote="130029304130000000" />
<file name="Marketing_and_Advertising.png" server="D:/3d/TechITFast/TechITFast_com/" local="130029304138925298" remote="130029304130000000" />
<file name="Merchant_Services.png" server="D:/3d/TechITFast/TechITFast_com/" local="130029304138095251" remote="130029304130000000" />
<file name="Property_Management.png" server="D:/3d/TechITFast/TechITFast_com/" local="130029304136915183" remote="130029304130000000" />
<file name="Retail_Sales.png" server="D:/3d/TechITFast/TechITFast_com/" local="130029304135535104" remote="130029304130000000" />
<file name="Other.png" server="D:/3d/TechITFast/TechITFast_com/" local="130029304137375209" remote="130029304130000000" />
</dwsync>