<?xml version="1.0" encoding="utf-8" ?>
<dwsync>
<file name="apple.jpg" server="C:/Users/C/Documents/TIF Working/techitfast/" local="129942905427583752" remote="129942905420000000" />
<file name="cisco.jpg" server="C:/Users/C/Documents/TIF Working/techitfast/" local="129942905426083750" remote="129942905420000000" />
<file name="dell.jpg" server="C:/Users/C/Documents/TIF Working/techitfast/" local="129942905424533748" remote="129942905420000000" />
<file name="digium.jpg" server="C:/Users/C/Documents/TIF Working/techitfast/" local="129942905422983745" remote="129942905420000000" />
<file name="hp.jpg" server="C:/Users/C/Documents/TIF Working/techitfast/" local="129942905421333743" remote="129942905420000000" />
<file name="microsoft.jpg" server="C:/Users/C/Documents/TIF Working/techitfast/" local="129942905419833741" remote="129942905410000000" />
<file name="vmware.jpg" server="C:/Users/C/Documents/TIF Working/techitfast/" local="129942905418113721" remote="129942905410000000" />
<file name="watchguard.jpg" server="C:/Users/C/Documents/TIF Working/techitfast/" local="129942905416413718" remote="129942905410000000" />
</dwsync>