<?xml version="1.0" encoding="utf-8" ?>
<dwsync>
<file name="default.asp" server="C:/Users/C/Documents/TIF Working/techitfast/" local="129967983611712067" remote="129967983610000000" />
<file name="blog.asp" server="C:/Users/C/Documents/TIF Working/techitfast/" local="129968053733069520" remote="129968053730000000" />
<file name="FAQs.asp" server="C:/Users/C/Documents/TIF Working/techitfast/" local="129968057991164595" remote="129968057990000000" />
<file name="default.asp" server="F:/Documents/Documents/TIF Working/techitfast/" local="129983630962498877" remote="129983630960000000" />
<file name="blog.asp" server="F:/Documents/Documents/TIF Working/techitfast/" local="129982779619337373" remote="129982779610000000" />
<file name="default.asp" server="D:/3d/TechITFast/TechITFast_com/" local="130076058307073757" remote="130076058300000000" />
<file name="template.asp" server="D:/3d/TechITFast/TechITFast_com/" local="130062794493881048" remote="130062794490000000" />
<file name="blog.asp" server="D:/3d/TechITFast/TechITFast_com/" local="130062364276013993" remote="130062364270000000" />
</dwsync>