﻿<partners>
	<logo path="../../../../../public/images/partnership_logos/apple.jpg"></logo>
	<logo path="../../../../../public/images/partnership_logos/cisco.jpg"></logo>
	<logo path="../../../../../public/images/partnership_logos/dell.jpg"></logo>
	<logo path="../../../../../public/images/partnership_logos/digium.jpg"></logo>
	<logo path="../../../../../public/images/partnership_logos/hp.jpg"></logo>
	<logo path="../../../../../public/images/partnership_logos/microsoft.jpg"></logo>
	<logo path="../../../../../public/images/partnership_logos/vmware.jpg"></logo>
	<logo path="../../../../../public/images/partnership_logos/watchguard.jpg"></logo>
</partners>